A9954989B,Akṣayamatinirdeśa,https://github.com/OpenPecha-Data/A9954989B
A2A793D22,PP: Aṣṭasāhasrikā Prajñāpāramitā,https://github.com/OpenPecha-Data/A2A793D22
A166E858D,Bhaiṣajyagurupūrvapraṇidhānasūtra,https://github.com/OpenPecha-Data/A166E858D
AC5A91F10,Bodhisatvacaryānirdeśa,https://github.com/OpenPecha-Data/AC5A91F10
AFFF00FB4,RK: Bodhisatvapiṭaka,https://github.com/OpenPecha-Data/AFFF00FB4
A476B9DB7,RK: Bodhisatvapiṭaka, BMSC IV, Tibetan,https://github.com/OpenPecha-Data/A476B9DB7
A4E88A6DE,Brahmaśrīvyākaraṇa,https://github.com/OpenPecha-Data/A4E88A6DE
A65500004,BA: Proto-BA (Buddhanāmanirdeśa),https://github.com/OpenPecha-Data/A65500004
A3C6C34A6,BA: Daśabhūmikasūtra,https://github.com/OpenPecha-Data/A3C6C34A6
AC6CB0294,Drāmiḍāvidyārājā,https://github.com/OpenPecha-Data/AC6CB0294
A5B3EE72E,Gaganagañjaparipṛcchā,https://github.com/OpenPecha-Data/A5B3EE72E
A9F8B708B,BA: Gaṇḍavyūhasūtra,https://github.com/OpenPecha-Data/A9F8B708B
A9FACFD20,RK: Gaṅgottaraparipṛcchā,https://github.com/OpenPecha-Data/A9FACFD20
AC04AFC63,Khaḍgaviṣāṇasūtra,https://github.com/OpenPecha-Data/AC04AFC63
AA4B11155,Laṅkāvatārasūtra,https://github.com/OpenPecha-Data/AA4B11155
AC22C2136,Maitreyavyākaraṇa,https://github.com/OpenPecha-Data/AC22C2136
A3411B049,Mañjuśrīvikrīḍitasūtra,https://github.com/OpenPecha-Data/A3411B049
A96377461,Nirvikalpapraveśadhāraṇī,https://github.com/OpenPecha-Data/A96377461
AA2713575,PP: Prajñāpāramitāhṛdaya,https://github.com/OpenPecha-Data/AA2713575
AED1729BE,Pratyutpannabuddhasamādhisūtra,https://github.com/OpenPecha-Data/AED1729BE
A025F1C3F,PP: Ratnaguṇasaṃcayagāthā,https://github.com/OpenPecha-Data/A025F1C3F
A23E2A15D,Saddharmapuṇḍarīka,https://github.com/OpenPecha-Data/A23E2A15D
A793D3A53,Sarvadharmāpravṛttinirdeśa,https://github.com/OpenPecha-Data/A793D3A53
AF34D731F,Tathāgatagarbhasūtra,https://github.com/OpenPecha-Data/AF34D731F
A8E663182,PP: Vajracchedikā Prajñāpāramitā,https://github.com/OpenPecha-Data/A8E663182
A384CE385,Vasubandhu: Abhidharmakośabhāṣya,https://github.com/OpenPecha-Data/A384CE385
AF39602B9,Vasubandhu: Triṃśikāvijñapti,https://github.com/OpenPecha-Data/AF39602B9
A3499ABE3,Viśeṣamitra: Vinayasaṃgraha,https://github.com/OpenPecha-Data/A3499ABE3
A66B59B43,Mātṛceṭa: Śatapañcāśatka,https://github.com/OpenPecha-Data/A66B59B43
AC4742C40,Mātṛceṭa: Varṇārhavarṇastotra,https://github.com/OpenPecha-Data/AC4742C40
A9CC790A1,Tārānamaskāraikaviṃśatistotra,https://github.com/OpenPecha-Data/A9CC790A1
A942D4884,Aśvaghoṣa: Buddhacarita,https://github.com/OpenPecha-Data/A942D4884
A02BB4494,Aśvaghoṣa: Saundarananda,https://github.com/OpenPecha-Data/A02BB4494
A6116463C,Suvarṇavarṇāvadāna,https://github.com/OpenPecha-Data/A6116463C
A33C949C2,TYKYN,https://github.com/OpenPecha-Data/A33C949C2
AF1B15878,Schøyen Collection: Brāhmī, published,https://github.com/OpenPecha-Data/AF1B15878
A5E66916C,Grammar of Buddhist Chinese,https://github.com/OpenPecha-Data/A5E66916C
A5D6222B5,Mahāvyutpatti with sGra sbyor bam po gñis pa,https://github.com/OpenPecha-Data/A5D6222B5
A03EB1483,Vimalakīrtinirdeśa,https://github.com/OpenPecha-Data/A03EB1483
ACC2A0DD4,BA: Proto-BA (Buddhanāmanirdeśa),https://github.com/OpenPecha-Data/ACC2A0DD4
A4C8C9B7C,BA: Daśabhūmikasūtra,https://github.com/OpenPecha-Data/A4C8C9B7C
ACD380B72,BA: Gaṇḍavyūhasūtra,https://github.com/OpenPecha-Data/ACD380B72
AD4119118,PP: Aṣṭasāhasrikā Prajñāpāramitā,https://github.com/OpenPecha-Data/AD4119118
A0A33A259,PP: Prajñāpāramitāhṛdaya,https://github.com/OpenPecha-Data/A0A33A259
A5999BE23,PP: Ratnaguṇasaṃcayagāthā,https://github.com/OpenPecha-Data/A5999BE23
A7FD6D09B,PP: Vajracchedikā Prajñāpāramitā,https://github.com/OpenPecha-Data/A7FD6D09B
A889609C5,RK: Bodhisatvapiṭaka,https://github.com/OpenPecha-Data/A889609C5
AB21ABDD3,RK: Bodhisatvapiṭaka, BMSC IV, Tibetan,https://github.com/OpenPecha-Data/AB21ABDD3
AFA57435C,RK: Gaṅgottaraparipṛcchā,https://github.com/OpenPecha-Data/AFA57435C
ABE4FFBE0,RK: Kāśyapaparivarta,https://github.com/OpenPecha-Data/ABE4FFBE0
A0FBCB2FD,MSV 1,00: Vinayavastūddāna,https://github.com/OpenPecha-Data/A0FBCB2FD
A4C45C53B,MSV 1,01: Pravrajyāvastu,https://github.com/OpenPecha-Data/A4C45C53B
A7B6BCB1E,MSV 1,02: Poṣadhavastu,https://github.com/OpenPecha-Data/A7B6BCB1E
AD1664286,MSV 1,03: Pravāraṇāvastu,https://github.com/OpenPecha-Data/AD1664286
A7134DA2A,MSV 1,04: Varṣāvastu,https://github.com/OpenPecha-Data/A7134DA2A
ADFE1BF39,MSV 1,05: Carmavastu,https://github.com/OpenPecha-Data/ADFE1BF39
AA73E32A2,MSV 1,07: Cīvaravastu,https://github.com/OpenPecha-Data/AA73E32A2
A142D3C21,MSV 1,08: Kaṭhinavastu,https://github.com/OpenPecha-Data/A142D3C21
ABF38D349,MSV 1,09: Kośāmbakavastu,https://github.com/OpenPecha-Data/ABF38D349
A6F5B34D5,MSV 1,11: Pāṇḍulohitakavastu,https://github.com/OpenPecha-Data/A6F5B34D5
A5A616509,MSV 1,14: Poṣadhasthāpanavastu,https://github.com/OpenPecha-Data/A5A616509
AC5598A04,MSV 1,15: Śayanāsanavastu,https://github.com/OpenPecha-Data/AC5598A04
A0D54693E,MSV 1,16: Adhikaraṇavastu,https://github.com/OpenPecha-Data/A0D54693E
A656A16F8,MSV 1,17: Saṃghabhedavastu,https://github.com/OpenPecha-Data/A656A16F8
AAF35F557,MSV 2,0: Prātimokṣasūtra,https://github.com/OpenPecha-Data/AAF35F557
AC0D78858,MSV 2,01: Vinayavibhaṅga,https://github.com/OpenPecha-Data/AC0D78858
A1A4AFF80,MSV 3,0: Bhikṣuṇīprātimokṣa,https://github.com/OpenPecha-Data/A1A4AFF80
AD229432A,MSV 3,01: Bhikṣuṇīvibhaṅga,https://github.com/OpenPecha-Data/AD229432A
AB67351C1,MSV 4,00: Kṣudrakavastu,https://github.com/OpenPecha-Data/AB67351C1
A15DB341E,MSV 5,00: Uttaragrantha 1,https://github.com/OpenPecha-Data/A15DB341E
AFBDE1962,MSV 6,00: Uttaragrantha 2,https://github.com/OpenPecha-Data/AFBDE1962
A56532328,MSV 6,01: Upāliparipṛcchā,https://github.com/OpenPecha-Data/A56532328
A11118F14,MSV 6,02: Vinītakā,https://github.com/OpenPecha-Data/A11118F14
A1D459EC1,MSV 6,03: Ekottara,https://github.com/OpenPecha-Data/A1D459EC1
A0029999A,MSV 6,04: Pañcaka,https://github.com/OpenPecha-Data/A0029999A
A62E944BF,MSV 6,05: Ṣoḍaśaka,https://github.com/OpenPecha-Data/A62E944BF
A10152178,MSV 6,06: Nidāna,https://github.com/OpenPecha-Data/A10152178
A953B5A83,MSV 6,07: Muktaka,https://github.com/OpenPecha-Data/A953B5A83
A3B94C9CB,MSV 6,08: Kathāvastu,https://github.com/OpenPecha-Data/A3B94C9CB
AEC734386,MSV 6,09: Māṇavikā,https://github.com/OpenPecha-Data/AEC734386
AF92CCC0F,MSV 6,10: Mātṛkā,https://github.com/OpenPecha-Data/AF92CCC0F
A0B4ACAAC,MSV 7,00: Conclusion,https://github.com/OpenPecha-Data/A0B4ACAAC
A8AAF1464,Saṅghabhedavastu,https://github.com/OpenPecha-Data/A8AAF1464
A3A92AA95,Asaṅga/Maitreya: Mahāyānasūtrālaṃkāra,https://github.com/OpenPecha-Data/A3A92AA95
A84881405,Asaṅga/Maitreya: Ratnagotravibhāga,https://github.com/OpenPecha-Data/A84881405
A5A22ACA5,Asaṅga: Abhidharmasamuccaya,https://github.com/OpenPecha-Data/A5A22ACA5
A4A6BABE8,Asaṅga: Triśatikāyāḥ Prajñāpāramitāyāḥ Kārikāsaptatiḥ,https://github.com/OpenPecha-Data/A4A6BABE8
AB3CF3413,Candrakīrti: Madhyamakāvatāra,https://github.com/OpenPecha-Data/AB3CF3413
AB3CAED2A,Nāgārjuna: Mūlamadhyamakakārikā,https://github.com/OpenPecha-Data/AB3CAED2A
A61AA0015,Nāgārjuna: Ratnāvalī,https://github.com/OpenPecha-Data/A61AA0015
A7760EB3B,Nāgārjuna: Vigrahavyāvartanīvṛtti,https://github.com/OpenPecha-Data/A7760EB3B
A2062B422,Śāntideva: Bodhicaryāvatāra,https://github.com/OpenPecha-Data/A2062B422
A53A190E3,Dhammapada,https://github.com/OpenPecha-Data/A53A190E3
A7F2F4E4C,Udānavarga,https://github.com/OpenPecha-Data/A7F2F4E4C
