pecha_id,title,language
I2B34B397,The Middle-Length Treatise on the Stages of the Path by Tsong kha pa (1357–1419) (sNeu block print), colophon excerpt,Tibetan Variant
I4618ACC7,The Middle-Length Treatise on the Stages of the Path by Tsong kha pa (1357–1419) (sNeu block print), colophon excerpt,Wylie Variant
IE212ABB1,Sādhana of Vajrabairava in a group of thirteen deities by Tsong kha pa (1357–1419) (dGa ldan block print), colophon excerpt,Tibetan Variant
IEB4AEA2A,Sādhana of Vajrabairava in a group of thirteen deities by Tsong kha pa (1357–1419) (dGa ldan block print), colophon excerpt,Wylie Variant
I68EB2898,Maṇḍalavidhi of Akṣobhyavarja Guhyasamāja by Tsong kha pa (1357–1419) (dGa ldan block print), colophon excerpt,Tibetan Variant
I9EBEFDD6,Maṇḍalavidhi of Akṣobhyavarja Guhyasamāja by Tsong kha pa (1357–1419) (dGa ldan block print), colophon excerpt,Wylie Variant
I7D17B1F7,Propitiatory sādhana of Vajrasattva within the Guhyasamāja cycle by Tsong kha pa (1357–1419) (dGa ldan block print), colophon excerpt,Tibetan Variant
I90CAC011,Propitiatory sādhana of Vajrasattva within the Guhyasamāja cycle by Tsong kha pa (1357–1419) (dGa ldan block print), colophon excerpt,Wylie Variant
IC87CA074,The Middle-Length Treatise on the Stages of the Path by Tsong kha pa (1357–1419) (dGa ldan block print), colophon excerpt,Tibetan Variant
I33AE3AA9,The Middle-Length Treatise on the Stages of the Path by Tsong kha pa (1357–1419) (dGa ldan block print), colophon excerpt,Wylie Variant
I77FA0FB7,Śāriputras biographies of Virupa, Goraknātha and Golenāthā,Tibetan Variant
IC18B2218,Śāriputras biographies of Virupa, Goraknātha and Golenāthā,Wylie Variant
ID22F92D5,Religious history by Nyang ral Nyima od zer (1124–1192),Tibetan Variant
I576983A6,Religious history by Nyang ral Nyima od zer (1124–1192),Wylie Variant
I02530110,Record of teachings received of the rGyud sde kun btus,Tibetan Variant
IFE8FE153,Record of teachings received of the rGyud sde kun btus,Wylie Variant
I5A54497F,Kun spangs Chos grags dpals (fl. 14th cent.) Sems grel skor gsum lineage history,Tibetan Variant
IE61634F5,Kun spangs Chos grags dpals (fl. 14th cent.) Sems grel skor gsum lineage history,Wylie Variant
I445BD193,Chag lo Rin chen chos rgyals (b. 1447) Kālacakra lineage history,Tibetan Variant
IB5C0CCF2,Chag lo Rin chen chos rgyals (b. 1447) Kālacakra lineage history,Wylie Variant
I1AFBBDE1,A khu ching Shes rab rgya mtshos list of some rare books,Tibetan Variant
I2EECC864,A khu ching Shes rab rgya mtshos list of some rare books,Wylie Variant
IC65E964B,Exposition of the Cakrasaṃvaratantra (block print), colophon excerpt,Tibetan Variant
I2D57AA51,Exposition of the Cakrasaṃvaratantra (block print), colophon excerpt,Wylie Variant
IBF7ED27C,Hagiography of Brom ston Seng ge rgyal mtshan (fl. 1st half of 15th cent.),Tibetan Variant
I7D855ED4,Hagiography of Brom ston Seng ge rgyal mtshan (fl. 1st half of 15th cent.),Wylie Variant
I19969952,Supplement to the autobiography of sTag tshang lo tsā ba Shes rab rin chen (1405–1477),Tibetan Variant
IBC0D95B2,Supplement to the autobiography of sTag tshang lo tsā ba Shes rab rin chen (1405–1477),Wylie Variant
IA62D127D,Autobiography of sTag tshang lo tsā ba Shes rab rin chen (1405–1477),Tibetan Variant
I60CEAE82,Autobiography of sTag tshang lo tsā ba Shes rab rin chen (1405–1477),Wylie Variant
I8FC24443,Hagiography of Sems dpa chen po Nam mkha od zer (fl. 15th cent.),Tibetan Variant
IAFC1442C,Hagiography of Sems dpa chen po Nam mkha od zer (fl. 15th cent.),Wylie Variant
I2AC46E65,(block print), colophon excerpt,Tibetan Variant
IDBD47A4E,(block print), colophon excerpt,Wylie Variant
ID718A15A,(block print), colophon excerpt,Tibetan Variant
I581B0FF8,(block print), colophon excerpt,Wylie Variant
I73DFBDEE,(block print), colophon excerpt,Tibetan Variant
I400F03AE,(block print), colophon excerpt,Wylie Variant
IEBD01FD9,Replies to various doctrinal questions and polemics (block print), colophon excerpt,Tibetan Variant
ID4E4BCE3,Replies to various doctrinal questions and polemics (block print), colophon excerpt,Wylie Variant
I715A4D44,Songs of esoteric practice given on various occasions (block print), colophon excerpt,Tibetan Variant
I4B1AF274,Songs of esoteric practice given on various occasions (block print), colophon excerpt,Wylie Variant
IA74294A9,Lakṣābhidhānāduddhṛitalaghutantrapiṇḍārthavivaraṇa (block print), colophon excerpt,Tibetan Variant
I0C9EF0A5,Lakṣābhidhānāduddhṛitalaghutantrapiṇḍārthavivaraṇa (block print), colophon excerpt,Wylie Variant
I5FBB3DDB,Tsong kha pas Essence of True Eloquence (block print), colophon excerpt,Tibetan Variant
I0B68BBEB,Tsong kha pas Essence of True Eloquence (block print), colophon excerpt,Wylie Variant
IA577A5FA,Uttaratantraśāstra commentary (Old gDan sa mthil block print), colophon excerpt,Tibetan Variant
I1133C7C1,Uttaratantraśāstra commentary (Old gDan sa mthil block print), colophon excerpt,Wylie Variant
IC27AC732,Kālacakra commentary rGyud gsum snang ba (Old Phag gru lock print), colophon excerpt,Tibetan Variant
I196F1A67,Kālacakra commentary rGyud gsum snang ba (Old Phag gru lock print), colophon excerpt,Wylie Variant
I48C9A454,Commentary of the Essential Meaning of the Kālacakratantra (Old rGyal bzang smon mkhar block print), colophon excerpt,Tibetan Variant
I8DDB6AAA,Commentary of the Essential Meaning of the Kālacakratantra (Old rGyal bzang smon mkhar block print), colophon excerpt,Wylie Variant
I82EA884E,Seven points of mind training and prayer by Tsong kha pa (1357–1419) (block print), colophon excerpt,Tibetan Variant
I19DA05EA,Seven points of mind training and prayer by Tsong kha pa (1357–1419) (block print), colophon excerpt,Wylie Variant
I377D06A3,Ngor chens (1382–1456) history of Hevajra and the Lamdre lineage masters,Tibetan Variant
I53A43DA0,Ngor chens (1382–1456) history of Hevajra and the Lamdre lineage masters,Wylie Variant
I49F5345C,The Lamdre teaching record by Phags pa blo gros rgyal mtshan (1235–1280),Tibetan Variant
ID1036CC6,The Lamdre teaching record by Phags pa blo gros rgyal mtshan (1235–1280),Wylie Variant
ID4417C34,The Record of teachings received by Phags pa blo gros rgyal mtshan (1235–1280),Tibetan Variant
I37598675,The Record of teachings received by Phags pa blo gros rgyal mtshan (1235–1280),Wylie Variant
I8631DA0A,Hagiography of the 8th Nālendra abbot mKhyen rab chos rje (1436–1497),Tibetan Variant
IF981664B,Hagiography of the 8th Nālendra abbot mKhyen rab chos rje (1436–1497),Wylie Variant
I593EFD09,Vajrakīla maṇḍala ritual by Bla ma dam pa (block print), colophon excerpt,Tibetan Variant
I61DE885E,Vajrakīla maṇḍala ritual by Bla ma dam pa (block print), colophon excerpt,Wylie Variant
I7F2F924B,Prajñāpāramitāsūtra in eight thousand lines (Old Gongkar block print), colophon excerpt from Golden manuscript, unrevised,Tibetan Variant
IB9515AB4,Prajñāpāramitāsūtra in eight thousand lines (Old Gongkar block print), colophon excerpt from Golden manuscript, unrevised,Wylie Variant
I43747247,Reply to criticisms of the Kālacakra (Old block print), colophon excerpt,Tibetan Variant
I42CE82E9,Reply to criticisms of the Kālacakra (Old block print), colophon excerpt,Wylie Variant
I47834BB3,The Blue Annals (block print), Chos rgyal lhun po printers colophon excerpt,Tibetan Variant
IC8E2F56F,The Blue Annals (block print), Chos rgyal lhun po printers colophon excerpt,Wylie Variant
IB8457C62,Instructions on the view of the Middle Way (block print), colophon excerpt,Tibetan Variant
IA09CD963,Instructions on the view of the Middle Way (block print), colophon excerpt,Wylie Variant
I72701D93,Rong stons sub-commentary on Haribhadras Sphuṭārthā (block print), colophon excerpt,Tibetan Variant
I2FE340E4,Rong stons sub-commentary on Haribhadras Sphuṭārthā (block print), colophon excerpt,Wylie Variant
I35F27B94,Exegesis of the meditative practice of the Prajñāpāramitā teachings (block print), colophon excerpt,Tibetan Variant
IE39EC8A6,Exegesis of the meditative practice of the Prajñāpāramitā teachings (block print), colophon excerpt,Wylie Variant
I31C8966C,Commentary to Nagarjunas Mūlamadhyamakārikā (block print), colophon excerpt,Tibetan Variant
I98311137,Commentary to Nagarjunas Mūlamadhyamakārikā (block print), colophon excerpt,Wylie Variant
I233B7837,Prajñāpāramitā upadeśa (block print), colophon excerpt,Tibetan Variant
I1DB2D973,Prajñāpāramitā upadeśa (block print), colophon excerpt,Wylie Variant
I801B9417,Ratnagotravibhāga commentary (block print), colophon excerpt,Tibetan Variant
IEE39CC4C,Ratnagotravibhāga commentary (block print), colophon excerpt,Wylie Variant
I7EF59F74,Accounts of the Kālacakra lineage masters by sTong ra Kun dga legs grub (unfinished),Tibetan Variant
I1AA8A11A,Accounts of the Kālacakra lineage masters by sTong ra Kun dga legs grub (unfinished),Wylie Variant
I44E1C2CF,The Mirror Illuminating the Royal Genealogies,Tibetan Variant
ID350C81D,The Mirror Illuminating the Royal Genealogies,Wylie Variant
I6DE51D69,rJe btsun Kun dga grol mchogs (1507–1565/1566) Outer, Inner and Secret Biography,Tibetan Variant
IE44E5D72,rJe btsun Kun dga grol mchogs (1507–1565/1566) Outer, Inner and Secret Biography,Wylie Variant
I39D9D955,Hagiography of sPyan snga Glang ri thang pa Blo gros rgyal mtshan dpal bzang po (1432–1488),Tibetan Variant
I10063736,Hagiography of sPyan snga Glang ri thang pa Blo gros rgyal mtshan dpal bzang po (1432–1488),Wylie Variant
I1A629EA4,Hagiography of Glang thang spyan snga Kun dga rdo rje (1424–1477/78?),Tibetan Variant
I041D994C,Hagiography of Glang thang spyan snga Kun dga rdo rje (1424–1477/78?),Wylie Variant
IFFAB7EB8,Hagiography of Don yod dpal (1398–1483/84),Tibetan Variant
I164992BB,Hagiography of Don yod dpal (1398–1483/84),Wylie Variant
I51511ACC,Hagiography of dPal ldan bla ma Ku ma ra ma ti (1372–1475),Tibetan Variant
I61334127,Hagiography of dPal ldan bla ma Ku ma ra ma ti (1372–1475),Wylie Variant
IABFAF1CE,Fundamentals of Turning the Wheel of Dharma,Tibetan Variant
I511E1C41,Fundamentals of Turning the Wheel of Dharma,Wylie Variant
I67873F86,Hagiography of gSer mdog paṇ chen Shākya mchog ldan (1428–1507),Tibetan Variant
I779D1385,Hagiography of gSer mdog paṇ chen Shākya mchog ldan (1428–1507),Wylie Variant
I4D64FBBA,Hagiography of Rong ston Shes bya kun rig (1367–1449),Tibetan Variant
I20CA4497,Hagiography of Rong ston Shes bya kun rig (1367–1449),Wylie Variant
I4A034A42,Record of Teachings Received by Gong dkar Phrin las rnam rgyals (17th cent.),Tibetan Variant
IF355BFE4,Record of Teachings Received by Gong dkar Phrin las rnam rgyals (17th cent.),Wylie Variant
IA67E24C4,The Great Religious History by Sa skya paṇḍi ta (1182–1251),Tibetan Variant
I1009D708,The Great Religious History by Sa skya paṇḍi ta (1182–1251),Wylie Variant
IBF40070C,Hagiography of Chos rje chos Grags dpal bzang (1352–1434),Tibetan Variant
IAA6FFD9A,Hagiography of Chos rje chos Grags dpal bzang (1352–1434),Wylie Variant
I991D6718,Sakya Religious History by bCo brgyad khri chen rin po che (1919–2007),Tibetan Variant
IEC3FBC33,Sakya Religious History by bCo brgyad khri chen rin po che (1919–2007),Wylie Variant
I8D9DD208,Religious History by Yar lung Jo bo,Tibetan Variant
IB8FA4E32,Religious History by Yar lung Jo bo,Wylie Variant
I539D5423,Religious History by Yar lung Jo bo,Tibetan Variant
IEEE3F254,Religious History by Yar lung Jo bo,Wylie Variant
IBA8527EA,Sakya Genealogy by Bhikṣu Ratnabhadra,Tibetan Variant
IA2CF4CEE,Sakya Genealogy by Bhikṣu Ratnabhadra,Wylie Variant
IB7156057,Tshal pa kun dga rdo rjes (1309–1364) s Sakya Genealogy,Tibetan Variant
I39422A45,Tshal pa kun dga rdo rjes (1309–1364) s Sakya Genealogy,Wylie Variant
I13A747CA,Jam dbyangs bsod nams rgyal mtshans (1563–1617) Sakya Genealogy,Tibetan Variant
I82011D02,Jam dbyangs bsod nams rgyal mtshans (1563–1617) Sakya Genealogy,Wylie Variant
IE040E73E,Shākya don grubs Sakya Genealogy,Tibetan Variant
ICE8BDEEB,Shākya don grubs Sakya Genealogy,Wylie Variant
ID4741DD4,sGra tshad pa Rin chen rnam rgyals (1318–1388) Sakya Genealogy,Tibetan Variant
I18364385,sGra tshad pa Rin chen rnam rgyals (1318–1388) Sakya Genealogy,Wylie Variant
I916A4A39,The Great Treatise on the Stages of the Mantra Path by Tsong kha pa (1357–1419) (dGa ldan block print), colophon excerpt,Tibetan Variant
I9899933C,The Great Treatise on the Stages of the Mantra Path by Tsong kha pa (1357–1419) (dGa ldan block print), colophon excerpt,Wylie Variant
I4044F297,Bodhicaryāvatāra of Śāntideva (Old Gong dkar block print), colophon excerpt,Tibetan Variant
I5EB4E909,Bodhicaryāvatāra of Śāntideva (Old Gong dkar block print), colophon excerpt,Wylie Variant
I3DC74754,Catuḥśataka of Āryadeva (Old Gong dkar block print), colophon excerpt,Tibetan Variant
I23B527FE,Catuḥśataka of Āryadeva (Old Gong dkar block print), colophon excerpt,Wylie Variant
I5034A4D4,Gong dkar Phrin las rnam rgyals Record of Teachings Received,Tibetan Variant
I732F4B53,Gong dkar Phrin las rnam rgyals Record of Teachings Received,Wylie Variant
IBDCAA88D,The Record of Teachings received of Zhu chen Tshul khrims rin chen (1697–1774), part II,Tibetan Variant
I617BBB6E,The Record of Teachings received of Zhu chen Tshul khrims rin chen (1697–1774), part II,Wylie Variant
I1161AA66,The Record of Teachings received of Zhu chen Tshul khrims rin chen (1697–1774), part I,Tibetan Variant
IB0B9BBB0,The Record of Teachings received of Zhu chen Tshul khrims rin chen (1697–1774), part I,Wylie Variant
I907F2880,A mes zhabss (1597–1659) Great Sakya Genealogy,Tibetan Variant
IAE6AAA34,A mes zhabss (1597–1659) Great Sakya Genealogy,Wylie Variant
IED7E8174,Brief History of rNgog lo tsa ba Blo ldan shes rabs Tradition,Tibetan Variant
I168E011E,Brief History of rNgog lo tsa ba Blo ldan shes rabs Tradition,Wylie Variant
IB32F1FDA,Vinayasūtra of Guṇaprabha (Gong dkar block print), colophon excerpt,Tibetan Variant
I6A3AAA9A,Vinayasūtra of Guṇaprabha (Gong dkar block print), colophon excerpt,Wylie Variant
I2F2D6E3A,Hevajra exposition by bSod nams rtse mo (1142-1182), block print, colophon excerpt,Tibetan Variant
I32FF0404,Hevajra exposition by bSod nams rtse mo (1142-1182), block print, colophon excerpt,Wylie Variant
ICC673FF1,Hevajra (Ḍombi lugs) empowerment ritual by bSod nams rtse mo (1142-1182), block print, colophon excerpt,Tibetan Variant
IBB188823,Hevajra (Ḍombi lugs) empowerment ritual by bSod nams rtse mo (1142-1182), block print, colophon excerpt,Wylie Variant
I5449B4AD,Printing Colophon of mKhas pa ug pai sgo, sGra nye bar bsdus pai tshigs bcad and Byis pa bde blag tu jug pai rnam bshad, block print, colophon excerpt,Tibetan Variant
ID352D99B,Printing Colophon of mKhas pa ug pai sgo, sGra nye bar bsdus pai tshigs bcad and Byis pa bde blag tu jug pai rnam bshad, block print, colophon excerpt,Wylie Variant
IA7F71729,Sa paṇs Treatise on Music and Ji ltar dri tshul, block print, colophon excerpt,Tibetan Variant
I71BF2F94,Sa paṇs Treatise on Music and Ji ltar dri tshul, block print, colophon excerpt,Wylie Variant
I15DF33EB,A mes zhabss (1597–1659) Exposition on the Lamdre Practice according to the Ngor pa and rDzong pa,Tibetan Variant
IC503D49C,A mes zhabss (1597–1659) Exposition on the Lamdre Practice according to the Ngor pa and rDzong pa,Wylie Variant
I50647920,A mes zhabss (1597–1659) Presentation on the Hevajra Practice according to the Ngor pa and rDzong pa,Tibetan Variant
I3EC834E9,A mes zhabss (1597–1659) Presentation on the Hevajra Practice according to the Ngor pa and rDzong pa,Wylie Variant
I204F806A,Supplement to Jam mgon A mes zhabss (1597–1659) Record of Teachings Received (part XII),Tibetan Variant
IEDE8EE9A,Supplement to Jam mgon A mes zhabss (1597–1659) Record of Teachings Received (part XII),Wylie Variant
ICFC339A7,The gSan yig of Jam mgon A mes zhabs (1597-1659), part XI: teachings from sPyan snga Kun dga don grub,Tibetan Variant
I45AD55BB,The gSan yig of Jam mgon A mes zhabs (1597-1659), part XI: teachings from sPyan snga Kun dga don grub,Wylie Variant
I7AB3C971,The gSan yig of Jam mgon A mes zhabs (1597-1659), part X: teachings from Grub mchog mThu stobs dbang phyug and his brother,Tibetan Variant
I09D006A9,The gSan yig of Jam mgon A mes zhabs (1597-1659), part X: teachings from Grub mchog mThu stobs dbang phyug and his brother,Wylie Variant
IF7DDF2BE,The gSan yig of Jam mgon A mes zhabs (1597-1659), part IX: teachings from Ngag dbang chos kyi grags pa (1572-1641),Tibetan Variant
IEC2D3648,The gSan yig of Jam mgon A mes zhabs (1597-1659), part IX: teachings from Ngag dbang chos kyi grags pa (1572-1641),Wylie Variant
I3F34E535,The gSan yig of Jam mgon A mes zhabs (1597-1659), part VIII: teachings from dBang phyug rab brtan (1559-1636),Tibetan Variant
I696649BB,The gSan yig of Jam mgon A mes zhabs (1597-1659), part VIII: teachings from dBang phyug rab brtan (1559-1636),Wylie Variant
I671907FB,The gSan yig of Jam mgon A mes zhabs (1597-1659), part VII: teachings from Nags dgon sdom brtson dam pa sByin pa grags pa,Tibetan Variant
I2C50CA45,The gSan yig of Jam mgon A mes zhabs (1597-1659), part VI: teachings from Lu phu ba bum chen kun dga dpal byor,Tibetan Variant
I00D16884,The gSan yig of Jam mgon A mes zhabs (1597-1659), part VI: teachings from Lu phu ba bum chen kun dga dpal byor,Wylie Variant
IA726E2C8,The gSan yig of Jam mgon A mes zhabs (1597-1659), part V: teachings from Kun dga bsod nams lhun grub/ (1571-1642),Tibetan Variant
I7735371F,The gSan yig of Jam mgon A mes zhabs (1597-1659), part V: teachings from Kun dga bsod nams lhun grub/ (1571-1642),Wylie Variant
I66704A8A,The gSan yig of Jam mgon A mes zhabs (1597-1659), part IV: teachings from Nam mkha dpal bzang (1535-1602),Tibetan Variant
IEF3BFE34,The gSan yig of Jam mgon A mes zhabs (1597-1659), part IV: teachings from Nam mkha dpal bzang (1535-1602),Wylie Variant
IA9AA94FC,The gSan yig of Jam mgon A mes zhabs (1597–1659), part III: Teachings from Mus chen sangs rgyas rgyal mtshan (1542-1618),Tibetan Variant
I8555E429,The gSan yig of Jam mgon A mes zhabs (1597–1659), part III: Teachings from Mus chen sangs rgyas rgyal mtshan (1542-1618),Wylie Variant
IC529BC64,The gSan yig of Jam mgon A mes zhabs (1597–1659), part II: Teachings from Grags pa blo gros (1563-1617),Tibetan Variant
I8F006F9B,The gSan yig of Jam mgon A mes zhabs (1597–1659), part II: Teachings from Grags pa blo gros (1563-1617),Wylie Variant
IB1016D1B,A mes zhabss (1597–1659) Record of Teachings Received, parts I-XI,Tibetan Variant
IB6CBDBDC,A mes zhabss (1597–1659) Record of Teachings Received, parts I-XI,Wylie Variant
I2E542577,Bodhisattvacāryāvatāra commentary by bSod nams rtse mo (1142–1182), block print, colophon excerpt,Tibetan Variant
I041DB495,Bodhisattvacāryāvatāra commentary by bSod nams rtse mo (1142–1182), block print, colophon excerpt,Wylie Variant
I2AA9E08E,Hevajra Abhisamaya by Chos rgyal Phags pa (1235–1280), block print, colophon excerpt,Tibetan Variant
I9F2924B1,Hevajra Abhisamaya by Chos rgyal Phags pa (1235–1280), block print, colophon excerpt,Wylie Variant
IDAE34D48,Eulogy of the Disciples in the Lineage of rDo rje gdan pa Kun dga rnam rgyal (1432-1496),Tibetan Variant
I3F264D70,Eulogy of the Disciples in the Lineage of rDo rje gdan pa Kun dga rnam rgyal (1432-1496),Wylie Variant
IF2192BF3,Brief History of Gongkar Choede Monastery,Tibetan Variant
I9523925A,Brief History of Gongkar Choede Monastery,Wylie Variant
IB0430BAD,rDo rje gdans Seasonal Ritual Practice and Its Textual Foundation,Tibetan Variant
I7760B4B8,rDo rje gdans Seasonal Ritual Practice and Its Textual Foundation,Wylie Variant
IEE2ADFF7,Grags pa rgyal mtshans Tree of Realization, block print, colophon excerpt,Tibetan Variant
I88B82F12,Grags pa rgyal mtshans Tree of Realization, block print, colophon excerpt,Wylie Variant
I56806369,Eulogy in praise of Gong dkar Kun dga rnam rgyal (1432-1496), colophon excerpt,Tibetan Variant
I2D947611,Eulogy in praise of Gong dkar Kun dga rnam rgyal (1432-1496), colophon excerpt,Wylie Variant
I52A411B5,Ritual of sixty torma offerings for Yamāntaka, colophon excerpt,Tibetan Variant
I5814BB84,Ritual of sixty torma offerings for Yamāntaka, colophon excerpt,Wylie Variant
I497B97B2,Maṇḍala-ritual of Vajrapañjara, colophon excerpt,Tibetan Variant
ICAAF09B0,Maṇḍala-ritual of Vajrapañjara, colophon excerpt,Wylie Variant
I454FEAF4,Hagiography of Don yod grub pa,Tibetan Variant
ID24664CE,Hagiography of Don yod grub pa,Wylie Variant
I2E24342A,History of excellent Masters in Tibet,Tibetan Variant
ICE2854ED,History of excellent Masters in Tibet,Wylie Variant
I4B94A5AA,Cha rgans Hagiography of Virūpa,Tibetan Variant
I5CE0F5EC,Cha rgans Hagiography of Virūpa,Wylie Variant
I5D755554,Hagiography of Dwags po bKra shis rnam rgyal (1398/99–1458),Tibetan Variant
IA1580491,Hagiography of Dwags po bKra shis rnam rgyal (1398/99–1458),Wylie Variant
I34A45FA5,Hagiography of Sa skya lo tstshā ba Jam pai rdo rje (1485–1533),Tibetan Variant
IC45CCC5E,Hagiography of Sa skya lo tstshā ba Jam pai rdo rje (1485–1533),Wylie Variant
ID4950C49,Hagiography of Ngor chen dKon mchog lhun grub (1497–1557),Tibetan Variant
I88E7A377,Hagiography of Ngor chen dKon mchog lhun grub (1497–1557),Wylie Variant
I838CD87E,A mes zhabss History of Mahākala teachings in India and Tibet,Tibetan Variant
I22FFA153,A mes zhabss History of Mahākala teachings in India and Tibet,Wylie Variant
ICF388343,A mes zhabss History of the Cakrasaṃvaratantra,Tibetan Variant
ID7D4FE4D,A mes zhabss History of the Cakrasaṃvaratantra,Wylie Variant
IA51BD85A,A mes zhabss History of the Guhyasamājatantra,Tibetan Variant
I90314B44,A mes zhabss History of the Guhyasamājatantra,Wylie Variant
I2AA7124A,Hagiography of Gong dkar rDo rje gdan pa Kun dga rnam rgyal (1432–1496), no. II,Tibetan Variant
I15DDEE73,Hagiography of Gong dkar rDo rje gdan pa Kun dga rnam rgyal (1432–1496), no. II,Wylie Variant
IBBBE3D71,History of Zhwa lu Monastery and the Autobiography of Zhwa lu Blo gsal bstan skyong (1804–1864),Tibetan Variant
IE33D4336,History of Zhwa lu Monastery and the Autobiography of Zhwa lu Blo gsal bstan skyong (1804–1864),Wylie Variant
IC646480C,sTag tshang lo tsā bas Sakya Genealogy,Tibetan Variant
IF9D184EE,sTag tshang lo tsā bas Sakya Genealogy,Wylie Variant
IDC45202C,Drag shul Phrin las rin chens (1871–1935) Sakya Genealogy Supplement,Tibetan Variant
I4983BD39,Drag shul Phrin las rin chens (1871–1935) Sakya Genealogy Supplement,Wylie Variant
I4CC9A1C8,Kun dga blo gross (1729–1783) Sakya Genealogy Supplement,Tibetan Variant
I9AC45C85,Kun dga blo gross (1729–1783) Sakya Genealogy Supplement,Wylie Variant
IDE140008,sTag tshang dPal byor bzang pos (15th cent.) Chronicle of China and Tibet,Tibetan Variant
I59564742,sTag tshang dPal byor bzang pos (15th cent.) Chronicle of China and Tibet,Wylie Variant
I2F4669FD,Hagiography of Gos lo gZhon nu dpal (1392–1481),Tibetan Variant
IFB786B07,Hagiography of Gos lo gZhon nu dpal (1392–1481),Wylie Variant
I6D2D4498,mKhyen brtse on the History of the Dharma, section on the Sakya tradition,Tibetan Variant
I40098635,mKhyen brtse on the History of the Dharma, section on the Sakya tradition,Wylie Variant
IB6DF66F7,Mang thoss (1523–1596) chronology of the doctrine,Tibetan Variant
I5BB50A32,Mang thoss (1523–1596) chronology of the doctrine,Wylie Variant
IDE2C3921,A mes zhabss History of the bKa gdams pa Sect,Tibetan Variant
I87CD7DE3,A mes zhabss History of the bKa gdams pa Sect,Wylie Variant
I2444A82A,Supplement to the History of the Abbots of Ngor E waṃ chos ldan; Lamdre Tshogshe, vol. ya, title no. 5,Tibetan Variant
I8B8B6D8D,Supplement to the History of the Abbots of Ngor E waṃ chos ldan; Lamdre Tshogshe, vol. ya, title no. 5,Wylie Variant
I4AC59BEA,History of the Abbots of Ngor E waṃ chos ldan; Lamdre Tshogshe, vol. ya, title no. 1,Tibetan Variant
IBA171AA0,History of the Abbots of Ngor E waṃ chos ldan; Lamdre Tshogshe, vol. ya, title no. 1,Wylie Variant
IF08F8FC3,Record on the Transmission of the Lam bras Slob bshad and Tshogs bshad Teachings; Lamdre Lobshe, vol. wa, title no. 7,Tibetan Variant
I2DB85B6E,Record on the Transmission of the Lam bras Slob bshad and Tshogs bshad Teachings; Lamdre Lobshe, vol. wa, title no. 7,Wylie Variant
I4051075B,Hagiographies of the Lineage Masters in the Lam bras gzhung bshad pod nag Transmission; Lamdre Lobshe, vol. ma, title no. 1,Tibetan Variant
IF2DA56AC,Hagiographies of the Lineage Masters in the Lam bras gzhung bshad pod nag Transmission; Lamdre Lobshe, vol. ma, title no. 1,Wylie Variant
I766FD1CA,Hagiography of Ngor mkhan chen Khang gsar dam pa rin po che Ngag dbang blo gros gzhan phan snying po (1876–1952/53); Lamdre Lobshe, vol. nya, title no. 4,Tibetan Variant
IA4FAC667,Hagiography of Ngor mkhan chen Khang gsar dam pa rin po che Ngag dbang blo gros gzhan phan snying po (1876–1952/53); Lamdre Lobshe, vol. nya, title no. 4,Wylie Variant
I883F3190,Hagiography of sGa ston Ngag dbang legs pa (1864–1941); Lamdre Lobshe, vol. nya, title no. 3,Tibetan Variant
I62F59034,Hagiography of sGa ston Ngag dbang legs pa (1864–1941); Lamdre Lobshe, vol. nya, title no. 3,Wylie Variant
I45AC4465,Hagiography of Jam dbyangs blo gter dbang po (1847–1914); Lamdre Lobshe, vol. nya, title no. 2,Tibetan Variant
I87C10AE3,Hagiography of Jam dbyangs blo gter dbang po (1847–1914); Lamdre Lobshe, vol. nya, title no. 2,Wylie Variant
I2E643AEE,Hagiography of Jam dbyangs mkhyen brtsei dbang po Kun dga bstan pai rgyal mtshan (1820–1892); Lamdre Lobshe, vol. nya, title no. 1,Tibetan Variant
I45356E1F,Hagiography of Jam dbyangs mkhyen brtsei dbang po Kun dga bstan pai rgyal mtshan (1820–1892); Lamdre Lobshe, vol. nya, title no. 1,Tibetan Variant
I98C94252,Hagiography of Jam dbyangs mkhyen brtsei dbang po Kun dga bstan pai rgyal mtshan (1820–1892); Lamdre Lobshe, vol. nya, title no. 1,Wylie Variant
IDC82C05A,Hagiography of the 54th Ngor abbot Byams pa kun dga bstan pai rgyal mtshan (1829–1870); Lamdre Lobshe, vol. ja, title no. 4,Tibetan Variant
IF5EF9430,Hagiography of the 54th Ngor abbot Byams pa kun dga bstan pai rgyal mtshan (1829–1870); Lamdre Lobshe, vol. ja, title no. 4,Wylie Variant
I3EBBB608,Hagiography of the 51st Ngor abbot rNal byor Jam dpal bzang po bkra shis grags pai rgyal mtshan (1789–1864); Lamdre Lobshe, vol. ja, title no. 3,Tibetan Variant
IC3F30481,Hagiography of the 51st Ngor abbot rNal byor Jam dpal bzang po bkra shis grags pai rgyal mtshan (1789–1864); Lamdre Lobshe, vol. ja, title no. 3,Wylie Variant
I594A07CD,Hagiography of 47th Ngor abbot Byams pa kun dga bstan dzin bkra shis grags pai rgyal mtshan (1776–1862); Lamdre Lobshe, vol. ja, title no. 2,Tibetan Variant
ICCC1C4E4,Hagiography of 47th Ngor abbot Byams pa kun dga bstan dzin bkra shis grags pai rgyal mtshan (1776–1862); Lamdre Lobshe, vol. ja, title no. 2,Wylie Variant
ID8DEF33E,Hagiography of the 44th Ngor abbot Byams pa nam mkha chi med bkra shis grags pai rgyal mtshan (1765–1820); Lamdre Lobshe, vol. ja, title no. 1,Tibetan Variant
ID7D505D4,Hagiography of the 44th Ngor abbot Byams pa nam mkha chi med bkra shis grags pai rgyal mtshan (1765–1820); Lamdre Lobshe, vol. ja, title no. 1,Wylie Variant
I1184C44B,Autobiography of Sa skya bdag chen Kun dga blo gros (1729–1783); Lamdre Lobshe, vol. cha, title no. 2,Tibetan Variant
I3FA8CA8F,Autobiography of Sa skya bdag chen Kun dga blo gros (1729–1783); Lamdre Lobshe, vol. cha, title no. 2,Wylie Variant
I93A399ED,Hagiography of gNas gsar ba Kun dga legs pai byung gnas (1704–1760); Lamdre Lobshe, vol. cha, title no. 1,Tibetan Variant
I576A67DC,Hagiography of gNas gsar ba Kun dga legs pai byung gnas (1704–1760); Lamdre Lobshe, vol. cha, title no. 1,Wylie Variant
I2F49926E,Autobiography of rMor chen Kun dga lhun grub (1654–1726/28); Lamdre Lobshe, vol. ca, title no. 4,Tibetan Variant
I607D4A52,Autobiography of rMor chen Kun dga lhun grub (1654–1726/28); Lamdre Lobshe, vol. ca, title no. 4,Wylie Variant
IB469B70B,Supplement to the Autobiography of lCe btsun mkhyen rab byams pa Ngag dbang lhun grub (1633–1703); Lamdre Lobshe, vol. ca, title no. 3,Tibetan Variant
I99390492,Supplement to the Autobiography of lCe btsun mkhyen rab byams pa Ngag dbang lhun grub (1633–1703); Lamdre Lobshe, vol. ca, title no. 3,Wylie Variant
IB50652C3,Autobiography of lCe btsun mkhyen rab byams pa Ngag dbang lhun grub (1633–1703); Lamdre Lobshe, vol. ca, title no. 2,Tibetan Variant
I97717E75,Autobiography of lCe btsun mkhyen rab byams pa Ngag dbang lhun grub (1633–1703); Lamdre Lobshe, vol. ca, title no. 2,Wylie Variant
I63D5BD96,Hagiography of Zhwa lu mkhan chen Rin chen bsod nams mchog grub (1602–1681); Lamdre Lobshe, vol. ca, title no. 1,Tibetan Variant
I965FFC9C,Hagiography of Zhwa lu mkhan chen Rin chen bsod nams mchog grub (1602–1681); Lamdre Lobshe, vol. ca, title no. 1,Wylie Variant
I0C97DB87,Hagiography of bKa gyur ba chen po mGon po bsod nams mchog ldan (1603–1659); Lamdre Lobshe, vol. nga, title no. 6,Tibetan Variant
I4A3ADA68,Hagiography of bKa gyur ba chen po mGon po bsod nams mchog ldan (1603–1659); Lamdre Lobshe, vol. nga, title no. 6,Wylie Variant
I04B58B3C,Hagiography of Zhwa lu mkhan chen dBang phyug rab brtan (1559–1636); Lamdre Lobshe, vol. nga, title no. 5,Tibetan Variant
I1BC3CEE9,Hagiography of Zhwa lu mkhan chen dBang phyug rab brtan (1559–1636); Lamdre Lobshe, vol. nga, title no. 5,Wylie Variant
I40AA3456,Hagiography of mKhan chen Ngag dbang chos grags (1572–1641); Lamdre Lobshe, vol. nga, title no. 4,Tibetan Variant
I25333D0D,Hagiography of mKhan chen Ngag dbang chos grags (1572–1641); Lamdre Lobshe, vol. nga, title no. 4,Wylie Variant
I513B7828,Autobiography of sNgags chang bSod nams chos phel (1527–1603) of Bru; Lamdre Lobshe, vol. nga, title no. 3,Tibetan Variant
I1680E0D1,Autobiography of sNgags chang bSod nams chos phel (1527–1603) of Bru; Lamdre Lobshe, vol. nga, title no. 3,Wylie Variant
I9AEE9A28,Hagiography of sDings ma ba bsLabs gsum rgyal mtshan (1526–1577); Lamdre Lobshe, vol. nga, title no. 2,Tibetan Variant
ID4C2ADEF,Hagiography of sDings ma ba bsLabs gsum rgyal mtshan (1526–1577); Lamdre Lobshe, vol. nga, title no. 2,Wylie Variant
IE072E4C7,Hagiography of Bod mkhar ba Mai tri don grub rgyal mtshan (1527–1587); Lamdre Lobshe, vol. nga, title no. 1,Tibetan Variant
I7BC729FA,Hagiography of Bod mkhar ba Mai tri don grub rgyal mtshan (1527–1587); Lamdre Lobshe, vol. nga, title no. 1,Wylie Variant
I00505786,Autobiography of Mang thos Klu sgrub rgya mtsho (1523–1596); Lamdre Lobshe, vol. ga, title no. 3,Tibetan Variant
I75B494CC,Autobiography of Mang thos Klu sgrub rgya mtsho (1523–1596); Lamdre Lobshe, vol. ga, title no. 3,Wylie Variant
I7C675247,Hagiography of Yol mkhan chen gZhon nu blo gros (1527–1599/1600); Lamdre Lobshe, vol. ga, title no. 2,Tibetan Variant
IFE84CC33,Hagiography of Yol mkhan chen gZhon nu blo gros (1527–1599/1600); Lamdre Lobshe, vol. ga, title no. 2,Wylie Variant
I7DAB06E3,Autobiography of Jam dbyangs mkhyen brtsei dbang phyug (1524–1568); Lamdre Lobshe, vol. ga, title no. 1,Tibetan Variant
I7F3DB11E,Autobiography of Jam dbyangs mkhyen brtsei dbang phyug (1524–1568); Lamdre Lobshe, vol. ga, title no. 1,Wylie Variant
I0B4044B4,Hagiography of Tshar chen Blo gsal rgya mtsho (1502–1566/67); Lamdre Lobshe, vol. kha, title no. 5,Tibetan Variant
IF9004117,Hagiography of Tshar chen Blo gsal rgya mtsho (1502–1566/67); Lamdre Lobshe, vol. kha, title no. 5,Wylie Variant
IA1BA59B5,Hagiography of sGo rum pa Kun dga legs pai blo gros rgyal mtshan (1477–1544 or 1489–1556); Lamdre Lobshe, vol. kha, title no. 4,Tibetan Variant
I8AC84A26,Hagiography of sGo rum pa Kun dga legs pai blo gros rgyal mtshan (1477–1544 or 1489–1556); Lamdre Lobshe, vol. kha, title no. 4,Wylie Variant
I16DB8BBA,Hagiography of rDo ring kun spangs chen po Kun bzang chos kyi nyi ma (1449–1524); Lamdre Lobshe, vol. kha, title no. 3,Tibetan Variant
I33DC1371,Hagiography of rDo ring kun spangs chen po Kun bzang chos kyi nyi ma (1449–1524); Lamdre Lobshe, vol. kha, title no. 3,Wylie Variant
IED7DF49D,Hagiography of Sa skya bdag chen Blo gros rgyal mtshan (1444–1495); Lamdre Lobshe, vol. kha, title no. 2,Tibetan Variant
ID4DD68F9,Hagiography of Sa skya bdag chen Blo gros rgyal mtshan (1444–1495); Lamdre Lobshe, vol. kha, title no. 2,Wylie Variant
I0FA9E903,History of the bKa gdams School by Lo dgon pa bSod nams lhai dbang po (1423–1496),Tibetan Variant
I0F254F55,History of the bKa gdams School by Lo dgon pa bSod nams lhai dbang po (1423–1496),Wylie Variant
I4D86B316,Hagiography of Mus chen dKon mchog rgyal mtshan (1388–1469); Lamdre Lobshe, vol. kha, title no. 1,Tibetan Variant
IE071220D,Hagiography of Mus chen dKon mchog rgyal mtshan (1388–1469); Lamdre Lobshe, vol. kha, title no. 1,Wylie Variant
IC1DF2DDA,Supplement to the Hagiography of Mus chen dKon mchog rgyal mtshan (1388-1469); Lamdre Lobshe, vol. ka, title no. 25,Tibetan Variant
IF3199343,Supplement to the Hagiography of Mus chen dKon mchog rgyal mtshan (1388-1469); Lamdre Lobshe, vol. ka, title no. 25,Wylie Variant
I71911D74,Hagiography of Mus chen dKon mchog rgyal mtshan (1388–1469); Lamdre Lobshe, vol. ka, title no. 24,Tibetan Variant
IDF4A97F2,Hagiography of Mus chen dKon mchog rgyal mtshan (1388–1469); Lamdre Lobshe, vol. ka, title no. 24,Wylie Variant
I2CEE9157,Hagiography of Ngor chen Kun dga bzang po (1382-1456), no. III; Lamdre Lobshe, vol. ka, title no. 23,Tibetan Variant
IA34C8CE2,Hagiography of Ngor chen Kun dga bzang po (1382-1456), no. III; Lamdre Lobshe, vol. ka, title no. 23,Wylie Variant
I57D414B1,Hagiography of Ngor chen Kun dga' bzang po (1382-1456), no. II; Lamdre Lobshe, vol. ka, title no. 22, volume two from the chronological biographies of the Lamdre lineage masters,Tibetan Variant
IADFBD6D6,Hagiography of Ngor chen Kun dga' bzang po (1382-1456), no. II; Lamdre Lobshe, vol. ka, title no. 22, volume two from the chronological biographies of the Lamdre lineage masters,Wylie Variant
I72008574,Condensed Hagiography of Ngor chen Kun dga bzang po (1382–1456); Lamdre Lobshe, vol. ka, title no. 21, from the chronological biographies of the Lamdre lineage masters,Tibetan Variant
I8772455B,Condensed Hagiography of Ngor chen Kun dga bzang po (1382–1456); Lamdre Lobshe, vol. ka, title no. 21, from the chronological biographies of the Lamdre lineage masters,Wylie Variant
I5D1C653E,Hagiography of Grub chen Buddhaśrī (1339–1419/20); Lamdre Lobshe, vol. ka, title no. 20, from the chronological biographies of the Lamdre lineage masters,Tibetan Variant
I9B8D2D59,Hagiography of Grub chen Buddhaśrī (1339–1419/20); Lamdre Lobshe, vol. ka, title no. 20, from the chronological biographies of the Lamdre lineage masters,Wylie Variant
I6334563E,Hagiography of dPal ldan tshul khrims (1333–1399); Lamdre Lobshe, vol. ka, title no. 19, from the chronological biographies of the Lamdre lineage masters,Tibetan Variant
IEADFFEB4,Hagiography of dPal ldan tshul khrims (1333–1399); Lamdre Lobshe, vol. ka, title no. 19, from the chronological biographies of the Lamdre lineage masters,Wylie Variant
IDE5267BD,Hagiography of Bla ma dam pa bSod nams rgyal mtshan (1312–1375); Lamdre Lobshe, vol. ka, title no. 18, from the chronological biographies of the Lamdre lineage masters,Tibetan Variant
I333F3241,Hagiography of Bla ma dam pa bSod nams rgyal mtshan (1312–1375); Lamdre Lobshe, vol. ka, title no. 18, from the chronological biographies of the Lamdre lineage masters,Wylie Variant
I6130A8C2,Hagiography of Ri khrod pa Blo gros brtan pa (1315/16-1358); Lamdre Lobshe, vol. ka, title no. 17, from the chronological biographies of the Lamdre lineage masters,Tibetan Variant
I34F1F3CA,Hagiography of Ri khrod pa Blo gros brtan pa (1315/16-1358); Lamdre Lobshe, vol. ka, title no. 17, from the chronological biographies of the Lamdre lineage masters,Wylie Variant
ID41FB0E6,Hagiography of rGyal ba brag phug pa (1277-1346/50?); Lamdre Lobshe, vol. ka, title no. 16, from the chronological biographies of the Lamdre lineage masters,Tibetan Variant
IAE184AAD,Hagiography of rGyal ba brag phug pa (1277-1346/50?); Lamdre Lobshe, vol. ka, title no. 16, from the chronological biographies of the Lamdre lineage masters,Wylie Variant
I444A4050,5th Dalai Lamas Annals,Tibetan Variant
I07985CD5,5th Dalai Lamas Annals,Wylie Variant
IA3A081E4,rDo rje gdan pa Kun dga rnam rgyals (1432–1496) Record of Teachings Received,Wylie Variant
I17E38BE8,Padma dkar pos (1527–1592) Religious History of the Brug pa bKa brgyud Sect,Tibetan Variant
I1DB20B55,Padma dkar pos (1527–1592) Religious History of the Brug pa bKa brgyud Sect,Wylie Variant
I0FE9E2E9,Hagiography of Gong dkar rDo rje gdan pa Kun dga rnam rgyal (1432–1496), no. III,Tibetan Variant
I9A264595,Hagiography of Gong dkar rDo rje gdan pa Kun dga rnam rgyal (1432–1496), no. III,Wylie Variant
I74B98257,New Red Annals,Tibetan Variant
IAB5903B6,New Red Annals,Wylie Variant
IED18DDBB,Hagiography of mTshal min bSod nams bzang po (1341–1433),Tibetan Variant
IDD8A0183,Hagiography of mTshal min bSod nams bzang po (1341–1433),Wylie Variant
I405F1132,Abbatial History of gSang phu sNeu thog Monastery,Tibetan Variant
I7BDA76B5,Abbatial History of gSang phu sNeu thog Monastery,Wylie Variant
I458EAF3E,Hagiography of Zhang dKon mchog dpal (1250-1317); Lamdre Lobshe, vol. ka, title no. 15, from the chronological biographies of the Lamdre lineage masters,Tibetan Variant
IB711A831,Hagiography of Zhang dKon mchog dpal (1250-1317); Lamdre Lobshe, vol. ka, title no. 15, from the chronological biographies of the Lamdre lineage masters,Wylie Variant
IF1877860,Autobiography of Chos rje Rin chen seng ge; Lamdre Lobshe, vol. ka, title no. 14, from the chronological biographies of the Lamdre lineage masters,Tibetan Variant
I93279871,Autobiography of Chos rje Rin chen seng ge; Lamdre Lobshe, vol. ka, title no. 14, from the chronological biographies of the Lamdre lineage masters,Wylie Variant
ICE8E7309,Hagiography of Nyan chen bSod nams brtan pa; Lamdre Lobshe, vol. ka, title no. 13, from the chronological biographies of the Lamdre lineage masters,Tibetan Variant
IB4F1B00B,Hagiography of Nyan chen bSod nams brtan pa; Lamdre Lobshe, vol. ka, title no. 13, from the chronological biographies of the Lamdre lineage masters,Wylie Variant
I7D4FB95D,Hagiography of Bla ma Tshogs sgom rin po che (1210-1307); Lamdre Lobshe, vol. ka, title no. 12, from the chronological biographies of the Lamdre lineage masters,Tibetan Variant
I174F2D4D,Hagiography of Bla ma Tshogs sgom rin po che (1210-1307); Lamdre Lobshe, vol. ka, title no. 12, from the chronological biographies of the Lamdre lineage masters,Wylie Variant
I19090A85,Hagiography of Phags pa Blo gros rgyal mtshan (1235-1280), no. I; Lamdre Lobshe, vol. ka, title no. 11, from the chronological biographies of the Lamdre lineage masters,Tibetan Variant
I8E6BB6FB,Hagiography of Phags pa Blo gros rgyal mtshan (1235-1280), no. I; Lamdre Lobshe, vol. ka, title no. 11, from the chronological biographies of the Lamdre lineage masters,Wylie Variant
I86B414B1,Hagiography of Sa skya paṇḍi ta Kun dga rgyal mtshan (1182-1251), no. III; Lamdre Lobshe, vol. ka, title no. 9, from the chronological biographies of the Lamdre lineage masters,Tibetan Variant
IBCC9989F,Hagiography of Sa skya paṇḍi ta Kun dga rgyal mtshan (1182-1251), no. III; Lamdre Lobshe, vol. ka, title no. 9, from the chronological biographies of the Lamdre lineage masters,Wylie Variant
I5244D206,Hagiography of Sa skya paṇḍi ta Kun dga rgyal mtshan (1182-1251), no. II; Lamdre Lobshe, vol. ka, title no. 8, from the chronological biographies of the Lamdre lineage masters,Tibetan Variant
I2A4E44C3,Hagiography of Sa skya paṇḍi ta Kun dga rgyal mtshan (1182-1251), no. II; Lamdre Lobshe, vol. ka, title no. 8, from the chronological biographies of the Lamdre lineage masters,Wylie Variant
I85542255,Hagiography of Sa skya paṇḍi ta Kun dga rgyal mtshan (1182-1251), no. I; Lamdre Lobshe, vol. ka, title no. 7, from the chronological biographies of the Lamdre lineage masters,Tibetan Variant
IF2C94992,Hagiography of Sa skya paṇḍi ta Kun dga rgyal mtshan (1182-1251), no. I; Lamdre Lobshe, vol. ka, title no. 7, from the chronological biographies of the Lamdre lineage masters,Wylie Variant
I984DDD4F,Hagiography of Sa skya paṇḍi ta Kun dga rgyal mtshan (1182-1251), no. IV; Lamdre Lobshe, vol. ka, title no. 10, from the chronological biographies of the Lamdre lineage masters,Tibetan Variant
I0FF60667,Hagiography of Sa skya paṇḍi ta Kun dga rgyal mtshan (1182-1251), no. IV; Lamdre Lobshe, vol. ka, title no. 10, from the chronological biographies of the Lamdre lineage masters,Wylie Variant
I24B512F6,Hagiography of rJe btsun grags pa rgyal mtshan (1147-1216), no. II; Lamdre Lobshe, vol. ka, title no. 6, from the chronological biographies of the Lamdre lineage masters,Tibetan Variant
IC4342F73,Hagiography of rJe btsun grags pa rgyal mtshan (1147-1216), no. II; Lamdre Lobshe, vol. ka, title no. 6, from the chronological biographies of the Lamdre lineage masters,Wylie Variant
IA555BBDB,Hagiography of rJe btsun Grags pa rgyal mtshan (1147-1216); Lamdre Lobshe, vol. ka, title no. 5, from the chronological biographies of the Lamdre lineage masters,Tibetan Variant
IE177E19E,Hagiography of rJe btsun Grags pa rgyal mtshan (1147-1216); Lamdre Lobshe, vol. ka, title no. 5, from the chronological biographies of the Lamdre lineage masters,Wylie Variant
I8194F9EF,Hagiography of Slob dpon bSod nams rtse mo (1142-1182), Lamdre Lobshe, vol. ka, title no. 4, from the chronological biographies of the Lamdre lineage masters,Tibetan Variant
I44D26234,Hagiography of Slob dpon bSod nams rtse mo (1142-1182), Lamdre Lobshe, vol. ka, title no. 4, from the chronological biographies of the Lamdre lineage masters,Wylie Variant
ID915849F,Hagiography of Sa chen Kun dga snying po (1092-1158); Lamdre Lobshe, vol. ka, title no. 3, from the chronological biographies of the Lamdre lineage masters,Tibetan Variant
I623970E0,Hagiography of Sa chen Kun dga snying po (1092-1158); Lamdre Lobshe, vol. ka, title no. 3, from the chronological biographies of the Lamdre lineage masters,Wylie Variant
I953B9FB5,Hagiography of Brog mi lo tsā ba; Lamdre Lobshe, vol. ka, title no. 2, from the chronological biographies of the Lamdre lineage masters,Tibetan Variant
IAADC8ACA,Hagiography of Brog mi lo tsā ba; Lamdre Lobshe, vol. ka, title no. 2, from the chronological biographies of the Lamdre lineage masters,Wylie Variant
I0E8E4484,Hagiography of the Indian mahāsiddha Virūpa; Lamdre Lobshe, vol. ka, title no. 1, from the chronological biographies of the Lamdre lineage masters,Tibetan Variant
ICDABA946,Hagiography of the Indian mahāsiddha Virūpa; Lamdre Lobshe, vol. ka, title no. 1, from the chronological biographies of the Lamdre lineage masters,Wylie Variant
I3050F969,Hagiography of Gong dkar rDo rje gdan pa Kun dga rnam rgyal (1432-1496),Tibetan Variant
I8AABBB46,Hagiography of Gong dkar rDo rje gdan pa Kun dga rnam rgyal (1432-1496),Wylie Variant
