ID,Layers,Filename
W1OP000001,title_yigchung,LEK-PHI-004
W1OP000002,title_yigchung_tsawa,BEN-LB-002
W1OP000003,title_quotes_yigchung_tsawa_sapche,BEN-LB-005
W1OP000004,title_quotes_yigchung_tsawa_sapche,BEN-LB-007
W1OP000005,title_yigchung_tsawa,BEN-LB-009
W1OP000006,title_quotes_yigchung_tsawa_sapche,BEN-LB-010
W1OP000007,title_yigchung_tsawa_sapche,Bokar-001
W1OP000008,title_sapche,IBA-GR-01-1
W1OP000009,,IBA-GR-02-1
W1OP000010,,IBA-GR-03-1
W1OP000011,title_quotes_tsawa_sapche,IBA-GR-04-1
W1OP000012,title_yigchung,IBA-GR-05-1
W1OP000013,,IBA-LG-01-1
W1OP000014,,IBA-LG-02-1
W1OP000015,title_quotes,IBA-LG-03-1
W1OP000016,title_quotes_sapche,IBA-LG-04-1
W1OP000017,title_quotes,IBA-MT-01-1
W1OP000018,title,IBA-MT-02-1
W1OP000019,,IBA-MT-03-1
W1OP000020,title_tsawa_sapche,IBA-MT-04-1
W1OP000021,title_quotes_sapche,IBA-MT-05-1
W1OP000022,title_quotes_yigchung,IBA-MT-06-1
W1OP000023,title_quotes,IBA-RD-1-1
W1OP000024,title_quotes,IBA-RD-2-1
W1OP000025,title_quotes_tsawa_sapche,IBA-SG-01-1
W1OP000026,title_quotes_yigchung_sapche,IBA-SG-02-1
W1OP000027,title,IBA-SG-03-1
W1OP000028,title,IBA-SG-04-1
W1OP000029,title_quotes_sapche,IBA-SG-05-1
W1OP000030,,KN-LYN-01
W1OP000031,,KN-LYN-02
W1OP000032,title_quotes_yigchung_tsawa_sapche,KN-LYN-03
W1OP000033,,KS-PK-01
W1OP000034,,KS-PK-02
W1OP000035,,KS-PK-03
W1OP000036,,KS-PK-04
W1OP000037,title_quotes_sapche,KS-PK-05
W1OP000038,,KS-PK-06
W1OP000039,title_quotes_tsawa_sapche,KS-PK-07
W1OP000040,title_quotes_tsawa_sapche,KS-PK-08
W1OP000041,title_quotes_tsawa,KS-PK-09
W1OP000042,,KS-PK-10
W1OP000043,title_tsawa_sapche,KS-PK-11
W1OP000044,title_sapche,KS-PK-12
W1OP000045,title_tsawa_sapche,KS-PK-13
W1OP000046,title_quotes_tsawa_sapche,KS-PK-14
W1OP000047,title_tsawa_sapche,KS-PK-15
W1OP000048,title_quotes_tsawa_sapche,KS-PK-16
W1OP000049,title,KS-PK-17
W1OP000050,title_sapche,KS-PK-18
W1OP000051,,KS-PK-19
W1OP000052,title_quotes,KS-SP-01
W1OP000053,title_quotes_sapche,KS-SP-02
W1OP000054,title_quotes,KS-SP-03
W1OP000055,,KS-SP-04
W1OP000056,,KS-SP-05
W1OP000057,,KS-SP-06
W1OP000058,title_yigchung,KS-TS-01
W1OP000059,title_yigchung,KS-TS-02
W1OP000060,title_yigchung_tsawa,KS-TS-03
W1OP000061,,LEK-MA-DK-02
W1OP000062,title_quotes,LEK-MA-DK-05
W1OP000063,title_quotes,LEK-MA-DK-08
W1OP000064,title_quotes,LEK-MA-DK-11
W1OP000065,title_quotes_tsawa_sapche,LEK-MA-DK-14
W1OP000066,title_quotes_sapche,LEK-MA-DK-16
W1OP000067,title_quotes_sapche,LEK-PHI-001
W1OP000068,title_quotes_tsawa_sapche,BEN-LB-001
W1OP000069,title_quotes_yigchung_sapche,LEK-PHI-006
W1OP000070,quotes_tsawa_sapche,LEK-PHI-009
W1OP000071,title_quotes_yigchung_tsawa_sapche,LEK-PHI-021
W1OP000072,title_quotes_tsawa_sapche,LEK-PHI-048
W1OP000073,title_quotes_yigchung_tsawa_sapche,LEK-PHI-059-1-1
W1OP000074,,LEK-PHI-059-2
W1OP000075,title_quotes_yigchung_tsawa_sapche,LEK-PHI-061
W1OP000076,title_quotes_yigchung,LEK-PHI-066
W1OP000077,title_yigchung,LEK-PHI-078
W1OP000078,title_yigchung_sapche,LEK-PHI-089
W1OP000079,title,LEK-PHI-096
W1OP000080,,LEK-PHI-107
W1OP000081,title,LEK-PHI-113
W1OP000082,title_tsawa_sapche,LEK-PHI-119
W1OP000083,title_quotes_yigchung_tsawa,LEK-PHI-123
W1OP000084,title_tsawa_sapche,LEK-PHI-125
W1OP000085,title_quotes_sapche,LEK-PHI-126
W1OP000086,title_yigchung,LEK-PHI-129
W1OP000087,,LS-CHD-07-01
W1OP000088,,LS-CHD-07-02
W1OP000089,title_yigchung,LS-CHD-07-04
W1OP000090,title,LS-CHD-08
W1OP000091,title_quotes_yigchung,LS-ZHI-01
W1OP000092,title,LS-ZHI-04
W1OP000093,title,LS-ZHI-05-01
W1OP000094,title,LS-ZHI-05-02
W1OP000095,,LS-ZHI-05-11
W1OP000096,title_quotes,RDI-SS-01
W1OP000097,title_quotes_tsawa,RDI-SS-02
W1OP000098,title_quotes_tsawa_sapche,RDI-SS-03
W1OP000099,title_quotes_tsawa_sapche,RDI-SS-04
W1OP000100,title_quotes_tsawa_sapche,RDI-SS-05
W1OP000101,title_quotes_tsawa_sapche,RDI-SS-06
W1OP000102,title_quotes_tsawa_sapche,RDI-SS-07
W1OP000103,quotes_tsawa_sapche,RDI-SS-08
W1OP000104,title_quotes_tsawa_sapche,RDI-SS-09
W1OP000105,,RDI-SS-10
W1OP000106,quotes_tsawa_sapche,RDI-SS-11-1
W1OP000107,quotes_tsawa_sapche,RDI-SS-11-2
W1OP000108,,RDI-SS-12
W1OP000109,title_tsawa_sapche,RDI-SS-13
W1OP000110,title_tsawa_sapche,RDI-SS-14
W1OP000111,title_quotes_tsawa_sapche,RDI-SS-15
W1OP000112,title_quotes_tsawa_sapche,RDI-SS-16-1
W1OP000113,title_quotes_tsawa_sapche,RDI-SS-16-2
W1OP000114,title_tsawa_sapche,RDI-SS-17
W1OP000115,title_tsawa_sapche,RDI-SS-18
W1OP000116,title_tsawa_sapche,RDI-SS-19
W1OP000117,title_quotes_tsawa_sapche,RDI-SS-20
W1OP000118,title_quotes_tsawa_sapche,RDI-SS-21
W1OP000119,title_quotes_tsawa_sapche,RDI-TOK-01-1
W1OP000120,title_quotes_tsawa_sapche,RDI-TOK-02-1
W1OP000121,title_quotes_tsawa_sapche,RDI-TOK-03-1
W1OP000122,title_quotes_tsawa_sapche,RDI-TOK-04-1
W1OP000123,title_quotes_tsawa_sapche,RDI-TOK-05-1
W1OP000124,title_quotes_tsawa_sapche,RDI-TOK-06-1
W1OP000125,title_quotes_tsawa_sapche,RDI-TOK-07-1
W1OP000126,title_quotes_tsawa_sapche,RDI-TOK-08-1
W1OP000127,title_quotes_tsawa_sapche,RDI-TOK-09-1
W1OP000128,title_quotes_tsawa_sapche,RDI-TOK-10-1
W1OP000129,title_quotes_yigchung_sapche,SHE-001
W1OP000130,title_quotes_sapche,SHE-002
W1OP000131,title_quotes_sapche,SHE-003
W1OP000132,title_quotes_tsawa_sapche,SHE-005
W1OP000133,title_yigchung_sapche,SHE-006
W1OP000134,title_tsawa_sapche,SHE-007
W1OP000135,quotes_tsawa_sapche,SHE-008
W1OP000136,title_quotes_sapche,SHE-009
W1OP000137,title_quotes_tsawa_sapche,SHE-010-1
W1OP000138,title_quotes_tsawa_sapche,SHE-011-1-1
W1OP000139,title_quotes_sapche,SHE-011-2-1
W1OP000140,title_quotes_tsawa_sapche,SHE-012
W1OP000141,title_quotes_sapche,SHE-013
W1OP000142,title_quotes_sapche,SHE-014
W1OP000143,title_quotes_sapche,SHE-015
W1OP000144,title_quotes_sapche,SHE-016
W1OP000145,title_sapche,SHE-018
W1OP000146,title_quotes_sapche,SHE-019
W1OP000147,title,SHE-DKR-01
W1OP000148,title_quotes,SHE-DKR-02
W1OP000149,,SHE-DKR-03
W1OP000150,,SHE-DKR-04
W1OP000151,title,SHE-DKR-05
W1OP000152,,SHE-DKR-06
W1OP000153,title_yigchung,SHE-DKR-07
W1OP000154,,SHE-DKR-08
W1OP000155,title,SHE-DKR-09
W1OP000156,,SHE-DKR-10
W1OP000157,,SHE-DKR-11
W1OP000158,title_yigchung,SHE-DKR-12
W1OP000159,,SHE-DKR-13
W1OP000160,,SHE-DKR-14
W1OP000161,,SHE-DKR-15
W1OP000162,title_quotes_sapche,SHE-DKR-16
W1OP000163,,SHE-DKR-17
W1OP000164,title_tsawa_sapche,SHE-PRA-01
W1OP000165,title_yigchung,SHE-RTD-001
W1OP000166,title,SHE-RTD-002
W1OP000167,title_yigchung,SHE-RTD-003
W1OP000168,title_quotes,SHE-RTD-004
W1OP000169,title_quotes_yigchung,SHE-RTD-005
W1OP000170,title_quotes_yigchung_tsawa,SHE-RTD-006
W1OP000171,title_quotes,SHE-RTD-007
W1OP000172,title_quotes_yigchung,SHE-RTD-009
W1OP000173,title_quotes_yigchung,SHE-RTD-011
W1OP000174,title_quotes,SHE-RTD-012
W1OP000175,title_yigchung,SHE-RTD-013
W1OP000176,title_quotes_yigchung,SHE-RTD-015
W1OP000177,title_yigchung,SHE-RTD-017
W1OP000178,title,SHE-RTD-018
W1OP000179,title_yigchung_tsawa,SHE-RTD-019
W1OP000180,title,SHE-RTD-020
W1OP000181,title,SHE-RTD-021
W1OP000182,title_yigchung,SHE-RTD-022
W1OP000183,title_quotes_yigchung,SHE-RTD-023
W1OP000184,title,SHE-RTD-025
W1OP000185,title_yigchung,SHE-RTD-026
W1OP000186,title_quotes_yigchung_tsawa,SHE-RTD-10
W1OP000187,title,SHE-RTD-14
W1OP000188,,SHE-RTD-16
W1OP000189,title_quotes_yigchung_tsawa_sapche,SHE-SG-01
W1OP000190,title_quotes_yigchung_tsawa,SHE-SG-02
W1OP000191,title_quotes_yigchung_tsawa_sapche,SHE-SG-03
W1OP000192,title_quotes_yigchung_tsawa_sapche,SHE-SG-04
W1OP000193,title_quotes_yigchung_tsawa,SHE-SG-05
W1OP000194,title_quotes_yigchung_tsawa_sapche,SHE-SG-06
W1OP000195,,SHE-SG-07
W1OP000196,title_quotes_yigchung_tsawa_sapche,SHE-SG-08
W1OP000197,title_quotes_yigchung_sapche,SHE-SG-09
W1OP000198,title_quotes_yigchung_sapche,SHE-SG-10
W1OP000199,title_quotes_yigchung_sapche,SHE-SG-11
W1OP000200,title_quotes_yigchung_tsawa_sapche,SHE-SG-12
W1OP000201,title_quotes_yigchung_sapche,SHE-SG-13
W1OP000202,,SHE-SHAP-01
W1OP000203,,SHE-SHAP-02
W1OP000204,quotes,SHE-SHAP-03
W1OP000205,,SHE-SHAP-04
W1OP000206,title_quotes,SHE-SHAP-05
W1OP000207,title_quotes_yigchung,SHE-SHAP-06
W1OP000208,,SHE-SHAP-07
W1OP000209,title_quotes_yigchung,SHE-SHAP-08
W1OP000210,title_quotes_yigchung,SHE-SHAP-09
W1OP000211,,SHE-SHAP-10
W1OP000212,title_quotes,SHE-SHAP-11
W1OP000213,title_quotes,SHE-SHAP-12
W1OP000214,title_quotes,SHE-SHAP-13
W1OP000215,title_quotes,SHE-SHAP-14
W1OP000216,title_quotes_yigchung,SHE-SHAP-15
W1OP000217,title_quotes_yigchung,SHE-SHAP-16
W1OP000218,title_quotes,SHE-SHAP-17
W1OP000219,title_quotes_yigchung,SHE-SHAP-18
W1OP000220,title_quotes_yigchung,SHE-SHAP-19
W1OP000221,title_yigchung,SHE-SHAP-20
W1OP000222,title_quotes_sapche,SHE-TAN-017
W1OP000223,title_yigchung_tsawa_sapche,TSD-001
W1OP000224,title,TSD-002
W1OP000225,title_quotes_yigchung_tsawa_sapche,TSD-003
W1OP000226,title_yigchung_tsawa,TSD-004
W1OP000227,title_quotes_yigchung,TSD-KG-01
W1OP000228,,TSD-KG-02
W1OP000229,title_yigchung,TSD-TSE-01
W1OP000230,title_quotes_yigchung,TSD-TSE-02
W1OP000231,title_yigchung,TSD-TSE-03
W1OP000232,title,TSD-TSE-04
W1OP000233,title_yigchung,TSD-TSE-05
W1OP000234,title_yigchung,TSD-TSE-06
W1OP000235,title_quotes_yigchung,TSD-TSE-07
W1OP000236,title_yigchung,TSD-TSE-08
W1OP000237,title_yigchung,TSD-TSE-09
W1OP000238,title_quotes_yigchung,TSD-TSE-10
W1OP000239,title_quotes_yigchung,TSD-TSE-11
W1OP000240,title_yigchung,TSD-TSE-12
W1OP000241,title_quotes_yigchung,TSD-TSE-13
W1OP000242,title_quotes,TSD-TSE-14
W1OP000243,title_yigchung,TSD-TSE-15
W1OP000244,title_yigchung,TSD-TSE-16
W1OP000245,title_quotes_tsawa_sapche,VVI-001
W1OP000246,title_quotes_yigchung_sapche,VVI-002
W1OP000247,,VVI-003
W1OP000248,title_quotes_yigchung_tsawa_sapche,VVI-004
W1OP000249,title_quotes_tsawa_sapche,VVI-005
W1OP000250,title_quotes_yigchung_tsawa_sapche,VVI-006
W1OP000251,title_quotes_yigchung_tsawa_sapche,VVI-009
W1OP000252,title_quotes_tsawa_sapche,VVI-012-1
W1OP000253,title_quotes_yigchung_tsawa_sapche,VVI-012-2
W1OP000254,title_quotes_tsawa_sapche,VVI-013
W1OP000255,title_quotes_yigchung_tsawa_sapche,VVI-015
W1OP000256,title_quotes_yigchung_tsawa_sapche,VVI-017
W1OP000257,title_quotes_tsawa_sapche,VVI-018
W1OP000258,title_quotes_tsawa_sapche,VVI-019
W1OP000259,title_quotes_yigchung_tsawa_sapche,VVI-MD-001-1
W1OP000260,title_quotes_yigchung_tsawa_sapche,VVI-MD-001-2
W1OP000261,title_quotes_yigchung_tsawa_sapche,VVI-MD-002
W1OP000262,,VVI-MD-003-1
W1OP000263,,VVI-MD-003-2
W1OP000264,,VVI-MD-003-3
W1OP000265,title_quotes_yigchung_tsawa_sapche,VVI-MD-004-1-1
W1OP000266,title_quotes_yigchung_tsawa_sapche,VVI-MD-004-2
W1OP000267,title_quotes_yigchung_sapche,VVI-MD-005
W1OP000268,title_quotes_yigchung_tsawa_sapche,VVI-MD-006
